"G_44178374_320_VPM_1","Veste en velours détails en... 129,90 €","http://assets.recolytic.com/demo/shop/media/G_44178374_320_VPM_1.jpg","2","Homme|Vestes et manteaux",""
"G_12877118_119_VPM_1","Veste imprimé pied de poule... 720 €","http://assets.recolytic.com/demo/shop/media/G_12877118_119_VPM_1.jpg","4","Homme|Vestes et manteaux",""
"G_65264061_266_VPM_1","Veste en tweed coupe droite... 200 €","http://assets.recolytic.com/demo/shop/media/G_65264061_266_VPM_1.jpg","6","Homme|Vestes et manteaux",""
"G_56235559_101_VPM_1","Blouson Seal: Schott. 100 €","http://assets.recolytic.com/demo/shop/media/G_56235559_101_VPM_1.jpg","","Homme|Vestes et manteaux",""
"G_44255909_101_VPM_1","Doudoune légère col montant... 100 €","http://assets.recolytic.com/demo/shop/media/G_44255909_101_VPM_1.jpg","","Homme|Vestes et manteaux",""
"G_41643800_125_VPM_1","Parka snowdon: Hackett London. 675 €","http://assets.recolytic.com/demo/shop/media/G_41643800_125_VPM_1.jpg","","Homme|Vestes et manteaux",""
"G_48957583_320_VPM_1","Blouson en cuir de vachette... 255 €","http://assets.recolytic.com/demo/shop/media/G_48957583_320_VPM_1.jpg","","Homme|Vestes et manteaux",""
"G_43119213_119_VPM_1","Veste A-Crotch slim: G-Star. 169 €","http://assets.recolytic.com/demo/shop/media/G_43119213_119_VPM_1.jpg","","Homme|Vestes et manteaux",""
"G_28184406_320_VPM_1","Manteau court en laine: Bes... 245 €","http://assets.recolytic.com/demo/shop/media/G_28184406_320_VPM_1.jpg","","Homme|Vestes et manteaux",""
"G_65280786_320_VPM_1","Veste col montant boutonné:... 115 €","http://assets.recolytic.com/demo/shop/media/G_65280786_320_VPM_1.jpg","","Homme|Vestes et manteaux",""
"G_61292009_230_VPM_1","Duffle-coat matelassé à cap... 250 €","http://assets.recolytic.com/demo/shop/media/G_61292009_230_VPM_1.jpg","","Homme|Vestes et manteaux",""
"G_48636070_125_VPM_1","Doudoune légère: Ikks. 130 €","http://assets.recolytic.com/demo/shop/media/G_48636070_125_VPM_1.jpg","","Homme|Vestes et manteaux",""
"G_62524707_125_VPM_1","Doudoune matelassée à capuc... 395 €","http://assets.recolytic.com/demo/shop/media/G_62524707_125_VPM_1.jpg","","Homme|Vestes et manteaux",""
"G_69406288_119_VPM_1","Blouson court zippé col cla... 149 €","http://assets.recolytic.com/demo/shop/media/G_69406288_119_VPM_1.jpg","","Homme|Vestes et manteaux",""
"G_43141365_320_VPM_1","Veste à capuche: G-Star. 149 €","http://assets.recolytic.com/demo/shop/media/G_43141365_320_VPM_1.jpg","","Homme|Vestes et manteaux",""
"G_11617554_125_VPM_1","Parka courte à capuche amov... 510 €","http://assets.recolytic.com/demo/shop/media/G_11617554_125_VPM_1.jpg","","Homme|Vestes et manteaux",""
"G_11342429_459_VPM_1","Doudoune Weroker: Diesel. 290 €","http://assets.recolytic.com/demo/shop/media/G_11342429_459_VPM_1.jpg","","Homme|Vestes et manteaux",""
"G_67688010_401_VPM_1","Blouson Teddy Walcott Rivol... 409 €","http://assets.recolytic.com/demo/shop/media/G_67688010_401_VPM_1.jpg","","Homme|Vestes et manteaux",""
"G_38859518_320_VPM_1","Caban matelassé: Burberry. 750 €","http://assets.recolytic.com/demo/shop/media/G_38859518_320_VPM_1.jpg","","Homme|Vestes et manteaux",""
"G_67696690_263_VPM_1","Doudoune Garner Explorer: R... 155 €","http://assets.recolytic.com/demo/shop/media/G_67696690_263_VPM_1.jpg","","Homme|Vestes et manteaux",""
"G_56662117_320_VPM_1","Doudoune à capuche col four... 159 €","http://assets.recolytic.com/demo/shop/media/G_56662117_320_VPM_1.jpg","","Homme|Vestes et manteaux",""
"G_34557090_320_VPM_1","Manteau en laine coupe ajus... 259,99 €","http://assets.recolytic.com/demo/shop/media/G_34557090_320_VPM_1.jpg","","Homme|Vestes et manteaux",""
"G_47809579_230_VPM_1","Manteau uni en drap de lain... 390 €","http://assets.recolytic.com/demo/shop/media/G_47809579_230_VPM_1.jpg","","Homme|Vestes et manteaux",""
"G_50869593_233_VPM_1","Veste blazer en laine chiné... 399 €","http://assets.recolytic.com/demo/shop/media/G_50869593_233_VPM_1.jpg","","Homme|Vestes et manteaux",""
"G_34558478_328_VPM_1","Manteau col fourré coupe dr... 269,99 €","http://assets.recolytic.com/demo/shop/media/G_34558478_328_VPM_1.jpg","","Homme|Vestes et manteaux",""
"G_35644962_126_VPM_1","Blouson Woody: Schott. 129 €","http://assets.recolytic.com/demo/shop/media/G_35644962_126_VPM_1.jpg","","Homme|Vestes et manteaux",""
"G_12877108_101_VPM_1","Veste en laine vierge coupe... 795 €","http://assets.recolytic.com/demo/shop/media/G_12877108_101_VPM_1.jpg","","Homme|Vestes et manteaux",""
"G_25574187_266_VPM_1","Parka en coton enduit à cap... 119,99 €","http://assets.recolytic.com/demo/shop/media/G_25574187_266_VPM_1.jpg","","Homme|Vestes et manteaux",""
"G_29851151_320_VPM_1","Duffle-coat à capuche: Avan... 179,99 €","http://assets.recolytic.com/demo/shop/media/G_29851151_320_VPM_1.jpg","","Homme|Vestes et manteaux",""
"G_25325051_278_VPM_1","Blouson aviateur en cuir de... 329 €","http://assets.recolytic.com/demo/shop/media/G_25325051_278_VPM_1.jpg","","Homme|Vestes et manteaux",""
"G_40379984_101_VPM_1","Doudoune duvet à capuche Da... 169 €","http://assets.recolytic.com/demo/shop/media/G_40379984_101_VPM_1.jpg","","Homme|Vestes et manteaux",""
"G_11676886_320_VPM_1","Imperméable ceinturé: Azzaro. 460 €","http://assets.recolytic.com/demo/shop/media/G_11676886_320_VPM_1.jpg","","Homme|Vestes et manteaux",""
"G_65273039_230_VPM_1","Caban en laine col montant ... 239 €","http://assets.recolytic.com/demo/shop/media/G_65273039_230_VPM_1.jpg","","Homme|Vestes et manteaux",""
"G_32216293_60_VPM_1","Blouson zippé col montant c... 229 €","http://assets.recolytic.com/demo/shop/media/G_32216293_60_VPM_1.jpg","","Homme|Vestes et manteaux",""
"G_45433745_60_VPM_1","Trench-coat mi-long en coto... 795 €","http://assets.recolytic.com/demo/shop/media/G_45433745_60_VPM_1.jpg","","Homme|Vestes et manteaux",""
"G_34556373_320_VPM_1","Caban court en laine: Brief... 259,99 €","http://assets.recolytic.com/demo/shop/media/G_34556373_320_VPM_1.jpg","","Homme|Vestes et manteaux",""
"G_42826701_230_VPM_1","Doudoune matelassée effet f... 335 €","http://assets.recolytic.com/demo/shop/media/G_42826701_230_VPM_1.jpg","","Homme|Vestes et manteaux",""
"G_37664521_101_VPM_1","Manteau en laine à capuche ... 285 €","http://assets.recolytic.com/demo/shop/media/G_37664521_101_VPM_1.jpg","","Homme|Vestes et manteaux",""
"G_48966618_320_VPM_1","Doudoune bimatière cuir: Sc... 280 €","http://assets.recolytic.com/demo/shop/media/G_48966618_320_VPM_1.jpg","","Homme|Vestes et manteaux",""
"G_23846892_453_VPM_1","Doudoune à col montant empi... 225 €","http://assets.recolytic.com/demo/shop/media/G_23846892_453_VPM_1.jpg","","Homme|Vestes et manteaux",""
"G_67710574_101_VPM_1","Doudoune Wallas Galt: Redsk... 155 €","http://assets.recolytic.com/demo/shop/media/G_67710574_101_VPM_1.jpg","","Homme|Vestes et manteaux",""
"G_67714501_320_VPM_1","Parka Cramps Mountain: Reds... 220 €","http://assets.recolytic.com/demo/shop/media/G_67714501_320_VPM_1.jpg","","Homme|Vestes et manteaux",""
"G_67181305_320_VPM_1","Parka en coton enduit col m... 139,99 €","http://assets.recolytic.com/demo/shop/media/G_67181305_320_VPM_1.jpg","","Homme|Vestes et manteaux",""
"G_43273978_101_VPM_1","Blouson à col montant: G-Star. 189 €","http://assets.recolytic.com/demo/shop/media/G_43273978_101_VPM_1.jpg","","Homme|Vestes et manteaux",""
"G_37227725_125_VPM_1","Doudoune à capuche: Teddy S... 165 €","http://assets.recolytic.com/demo/shop/media/G_37227725_125_VPM_1.jpg","","Homme|Vestes et manteaux",""
"G_64774730_60_VPM_1","Parka à capuche et col mont... 139,99 €","http://assets.recolytic.com/demo/shop/media/G_64774730_60_VPM_1.jpg","","Homme|Vestes et manteaux",""
"G_43182450_101_VPM_1","Parka coupe droite et col m... 329 €","http://assets.recolytic.com/demo/shop/media/G_43182450_101_VPM_1.jpg","","Homme|Vestes et manteaux",""
"G_34562652_320_VPM_1","Manteau mi-long en laine co... 259,99 €","http://assets.recolytic.com/demo/shop/media/G_34562652_320_VPM_1.jpg","","Homme|Vestes et manteaux",""
"G_40379984_401_VPM_1","Doudoune duvet à capuche Da... 169 €","http://assets.recolytic.com/demo/shop/media/G_40379984_401_VPM_1.jpg","","Homme|Vestes et manteaux",""
"G_66932849_278_VPM_1","Blouson en cuir d'agneau: Mcs. 449 €","http://assets.recolytic.com/demo/shop/media/G_66932849_278_VPM_1.jpg","","Homme|Vestes et manteaux",""
"G_66533027_125_VPM_1","Tee-shirt manches longues: ... 65 €","http://assets.recolytic.com/demo/shop/media/G_66533027_125_VPM_1.jpg","2","Homme|T-shirts et polos",""
"G_21867205_85_VPM_1","Tee-shirt manches longues: ... 38,90 €","http://assets.recolytic.com/demo/shop/media/G_21867205_85_VPM_1.jpg","4","Homme|T-shirts et polos",""
"G_37047487_464_VPM_1","Polo en coton piqué stretch... 100 €","http://assets.recolytic.com/demo/shop/media/G_37047487_464_VPM_1.jpg","6","Homme|T-shirts et polos",""
"G_42596353_320_VPM_1","Tee-shirt logotypé coupe dr... 42 €","http://assets.recolytic.com/demo/shop/media/G_42596353_320_VPM_1.jpg","","Homme|T-shirts et polos",""
"G_35332519_101_VPM_1","Tee-shirt sérigraphie logo:... 50 €","http://assets.recolytic.com/demo/shop/media/G_35332519_101_VPM_1.jpg","","Homme|T-shirts et polos",""
"G_43184464_101_VPM_1","Tee-shirt logotypé col ras ... 59 €","http://assets.recolytic.com/demo/shop/media/G_43184464_101_VPM_1.jpg","","Homme|T-shirts et polos",""
"G_43271329_320_VPM_1","Tee-shirt slim fit sérigrap... 35 €","http://assets.recolytic.com/demo/shop/media/G_43271329_320_VPM_1.jpg","","Homme|T-shirts et polos",""
"G_37220399_85_VPM_1","Tee-shirt Talling: Teddy Sm... 35 €","http://assets.recolytic.com/demo/shop/media/G_37220399_85_VPM_1.jpg","","Homme|T-shirts et polos",""
"G_46696639_85_VPM_1","Tee-shirt imprimé lettrage ... 15,99 €","http://assets.recolytic.com/demo/shop/media/G_46696639_85_VPM_1.jpg","","Homme|T-shirts et polos",""
"G_21867288_85_VPM_1","Tee-shirt Flag coupe droite... 33,90 €","http://assets.recolytic.com/demo/shop/media/G_21867288_85_VPM_1.jpg","","Homme|T-shirts et polos",""
"G_48620314_125_VPM_1","Tee-shirt Penseur: Ikks. 50 €","http://assets.recolytic.com/demo/shop/media/G_48620314_125_VPM_1.jpg","","Homme|T-shirts et polos",""
"G_72859663_101_VPM_1","Polo en coton piqué manches... 99 €","http://assets.recolytic.com/demo/shop/media/G_72859663_101_VPM_1.jpg","","Homme|T-shirts et polos",""
"G_36140192_60_VPM_1","Tee-shirt imprimé sirène: D... 39 €","http://assets.recolytic.com/demo/shop/media/G_36140192_60_VPM_1.jpg","","Homme|T-shirts et polos",""
"G_37350691_125_VPM_1","Tee-shirt sérigraphié de la... 39 €","http://assets.recolytic.com/demo/shop/media/G_37350691_125_VPM_1.jpg","","Homme|T-shirts et polos",""
"G_44256238_85_VPM_1","Polo Thumb: Japan Rags. 50 €","http://assets.recolytic.com/demo/shop/media/G_44256238_85_VPM_1.jpg","","Homme|T-shirts et polos",""
"G_48619969_204_VPM_1","Tee-shirt imprimé visuel ar... 50 €","http://assets.recolytic.com/demo/shop/media/G_48619969_204_VPM_1.jpg","","Homme|T-shirts et polos",""
"G_43195429_101_VPM_1","Tee-shirt col V coupe slim:... 69 €","http://assets.recolytic.com/demo/shop/media/G_43195429_101_VPM_1.jpg","","Homme|T-shirts et polos",""
"G_56651433_140_VPM_1","Tee-shirt Rey: Japan Rags. 40 €","http://assets.recolytic.com/demo/shop/media/G_56651433_140_VPM_1.jpg","","Homme|T-shirts et polos",""
"G_11676840_85_VPM_1","Tee-shirt imprimé Beattles:... 80 €","http://assets.recolytic.com/demo/shop/media/G_11676840_85_VPM_1.jpg","","Homme|T-shirts et polos",""
"G_41541764_320_VPM_1","Polo en coton piqué Aston M... 120 €","http://assets.recolytic.com/demo/shop/media/G_41541764_320_VPM_1.jpg","","Homme|T-shirts et polos",""
"G_77778843_401_VPM_1","Polo: Tommy Hilfiger. 70 €","http://assets.recolytic.com/demo/shop/media/G_77778843_401_VPM_1.jpg","","Homme|T-shirts et polos",""
"G_23853419_401_VPM_1","Tee-shirt logotypé manches ... 40 €","http://assets.recolytic.com/demo/shop/media/G_23853419_401_VPM_1.jpg","","Homme|T-shirts et polos",""
"G_43128107_320_VPM_1","Tee-shirt Clark: G-Star. 40 €","http://assets.recolytic.com/demo/shop/media/G_43128107_320_VPM_1.jpg","","Homme|T-shirts et polos",""
"G_61264271_320_VPM_1","Polo en coton piqué coupe d... 55 €","http://assets.recolytic.com/demo/shop/media/G_61264271_320_VPM_1.jpg","","Homme|T-shirts et polos",""
"G_43473123_85_VPM_1","Tee-shirt moustache Mickey ... 39 €","http://assets.recolytic.com/demo/shop/media/G_43473123_85_VPM_1.jpg","","Homme|T-shirts et polos",""
"G_22834154_464_VPM_1","Tee-shirt à rayures col ras... 19,99 €","http://assets.recolytic.com/demo/shop/media/G_22834154_464_VPM_1.jpg","","Homme|T-shirts et polos",""
"G_46458030_85_VPM_1","Tee-shirt The Beatles coupe... 39 €","http://assets.recolytic.com/demo/shop/media/G_46458030_85_VPM_1.jpg","","Homme|T-shirts et polos",""
"G_56549306_401_VPM_1","Tee-shirt logotypé sérigrap... 40 €","http://assets.recolytic.com/demo/shop/media/G_56549306_401_VPM_1.jpg","","Homme|T-shirts et polos",""
"G_56246242_244_VPM_1","Tee-shirt Teamfoot: Schott. 29,90 €","http://assets.recolytic.com/demo/shop/media/G_56246242_244_VPM_1.jpg","","Homme|T-shirts et polos",""
"G_32287328_357_VPM_1","Tee-shirt brodé drapeau: Mcs. 55 €","http://assets.recolytic.com/demo/shop/media/G_32287328_357_VPM_1.jpg","","Homme|T-shirts et polos",""
"G_41644204_85_VPM_1","Polo en coton piqué coupe d... 110 €","http://assets.recolytic.com/demo/shop/media/G_41644204_85_VPM_1.jpg","","Homme|T-shirts et polos",""
"G_66897695_230_VPM_1","Tee-shirt col tunisien manc... 35,99 €","http://assets.recolytic.com/demo/shop/media/G_66897695_230_VPM_1.jpg","","Homme|T-shirts et polos",""
"G_51382240_320_VPM_1","Tee-shirt sérigraphie lettr... 55 €","http://assets.recolytic.com/demo/shop/media/G_51382240_320_VPM_1.jpg","","Homme|T-shirts et polos",""
"G_42581405_233_VPM_1","Polo en coton piqué coupe d... 82 €","http://assets.recolytic.com/demo/shop/media/G_42581405_233_VPM_1.jpg","","Homme|T-shirts et polos",""
"G_12430586_244_VPM_1","Polo Admiral: Diesel. 70 €","http://assets.recolytic.com/demo/shop/media/G_12430586_244_VPM_1.jpg","","Homme|T-shirts et polos",""
"G_36140283_119_VPM_1","Tee-shirt logotypé col rond... 39 €","http://assets.recolytic.com/demo/shop/media/G_36140283_119_VPM_1.jpg","","Homme|T-shirts et polos",""
"G_90086752_119_VPM_1","Tee-shirt logotypé à manche... 55 €","http://assets.recolytic.com/demo/shop/media/G_90086752_119_VPM_1.jpg","","Homme|T-shirts et polos",""
"G_65267759_320_VPM_1","Tee-shirt imprimé drapeau a... 39 €","http://assets.recolytic.com/demo/shop/media/G_65267759_320_VPM_1.jpg","","Homme|T-shirts et polos",""
"G_55787113_125_VPM_1","Tee-shirt Falko: Tommy Hilf... 55 €","http://assets.recolytic.com/demo/shop/media/G_55787113_125_VPM_1.jpg","","Homme|T-shirts et polos",""
"G_36123651_85_VPM_1","Tee-shirt slim fit imprimé ... 19,99 €","http://assets.recolytic.com/demo/shop/media/G_36123651_85_VPM_1.jpg","","Homme|T-shirts et polos",""
"G_43195643_101_VPM_1","Tee-shirt logotypé coupe dr... 69 €","http://assets.recolytic.com/demo/shop/media/G_43195643_101_VPM_1.jpg","","Homme|T-shirts et polos",""
"G_67813519_320_VPM_1","Tee-shirt lézard coupe droi... 60 €","http://assets.recolytic.com/demo/shop/media/G_67813519_320_VPM_1.jpg","","Homme|T-shirts et polos",""
"G_30587638_120_VPM_1","Tee-shirt Spike: G-Star. 45 €","http://assets.recolytic.com/demo/shop/media/G_30587638_120_VPM_1.jpg","","Homme|T-shirts et polos",""
"G_77775930_322_VPM_1","Tee-shirt manches longues i... 60 €","http://assets.recolytic.com/demo/shop/media/G_77775930_322_VPM_1.jpg","","Homme|T-shirts et polos",""
"G_48354351_119_VPM_1","tee-shirt imprimé poitrine:... 40 €","http://assets.recolytic.com/demo/shop/media/G_48354351_119_VPM_1.jpg","","Homme|T-shirts et polos",""
"G_21270244_401_VPM_1","Tee-shirt à col tunisien et... 55 €","http://assets.recolytic.com/demo/shop/media/G_21270244_401_VPM_1.jpg","","Homme|T-shirts et polos",""
"G_65753923_402_VPM_1","Polo manches longues Hold: ... 99,95 €","http://assets.recolytic.com/demo/shop/media/G_65753923_402_VPM_1.jpg","","Homme|T-shirts et polos",""
"G_44671709_85_VPM_1","Tee-shirt imprimé Wiz Khali... 39 €","http://assets.recolytic.com/demo/shop/media/G_44671709_85_VPM_1.jpg","","Homme|T-shirts et polos",""
"G_43277599_101_VPM_1","Tee-shirt slim fit sérigrap... 45 €","http://assets.recolytic.com/demo/shop/media/G_43277599_101_VPM_1.jpg","","Homme|T-shirts et polos",""
"G_64744535_356_VPM_1","Tee-shirt manches longues d... 29,99 €","http://assets.recolytic.com/demo/shop/media/G_64744535_356_VPM_1.jpg","","Homme|T-shirts et polos",""
"G_56336506_101_VPM_1","Chemise col américain coupe... 95 €","http://assets.recolytic.com/demo/shop/media/G_56336506_101_VPM_1.jpg","2","Homme|Chemises",""
"G_50733286_101_VPM_1","Chemise à rayures coupe dro... 105 €","http://assets.recolytic.com/demo/shop/media/G_50733286_101_VPM_1.jpg","4","Homme|Chemises",""
"G_55815005_101_VPM_1","Chemise Dobby slim fit: Tom... 95 €","http://assets.recolytic.com/demo/shop/media/G_55815005_101_VPM_1.jpg","6","Homme|Chemises",""
"G_59342055_103_VPM_1","Chemise Poplin 50's: Desigual. 90 €","http://assets.recolytic.com/demo/shop/media/G_59342055_103_VPM_1.jpg","","Homme|Chemises",""
"G_38871489_453_VPM_1","Chemise en coton en explode... 250 €","http://assets.recolytic.com/demo/shop/media/G_38871489_453_VPM_1.jpg","","Homme|Chemises",""
"G_26808667_101_VPM_1","Chemise à carreaux col ital... 54,99 €","http://assets.recolytic.com/demo/shop/media/G_26808667_101_VPM_1.jpg","","Homme|Chemises",""
"G_37008208_320_VPM_1","Chemise à micro carreaux co... 100 €","http://assets.recolytic.com/demo/shop/media/G_37008208_320_VPM_1.jpg","","Homme|Chemises",""
"G_69084119_385_VPM_1","Chemise The Byard tailored ... 125 €","http://assets.recolytic.com/demo/shop/media/G_69084119_385_VPM_1.jpg","","Homme|Chemises",""
"G_14569743_85_VPM_1","Chemise coupe ajustée et co... 115 €","http://assets.recolytic.com/demo/shop/media/G_14569743_85_VPM_1.jpg","","Homme|Chemises",""
"G_51167344_244_VPM_1","Chemise unie col italien co... 110 €","http://assets.recolytic.com/demo/shop/media/G_51167344_244_VPM_1.jpg","","Homme|Chemises",""
"G_26809376_101_VPM_1","Chemise imprimé motifs fant... 54,99 €","http://assets.recolytic.com/demo/shop/media/G_26809376_101_VPM_1.jpg","","Homme|Chemises",""
"G_50755982_101_VPM_1","Chemise à rayures coupe dro... 99 €","http://assets.recolytic.com/demo/shop/media/G_50755982_101_VPM_1.jpg","","Homme|Chemises",""
"G_44001485_71_VPM_1","Chemise imprimé check coupe... 225 €","http://assets.recolytic.com/demo/shop/media/G_44001485_71_VPM_1.jpg","","Homme|Chemises",""
"G_62308861_283_VPM_1","Chemise à carreaux col amér... 109 €","http://assets.recolytic.com/demo/shop/media/G_62308861_283_VPM_1.jpg","","Homme|Chemises",""
"G_38872743_101_VPM_1","Chemise en coton en explode... 250 €","http://assets.recolytic.com/demo/shop/media/G_38872743_101_VPM_1.jpg","","Homme|Chemises",""
"G_28540722_104_VPM_1","Chemise à rayures coupe dro... 39,99 €","http://assets.recolytic.com/demo/shop/media/G_28540722_104_VPM_1.jpg","","Homme|Chemises",""
"G_14571699_88_VPM_1","Chemise à rayures coupe aju... 125 €","http://assets.recolytic.com/demo/shop/media/G_14571699_88_VPM_1.jpg","","Homme|Chemises",""
"G_55773485_119_VPM_1","Chemise Madison: Tommy Hilf... 95 €","http://assets.recolytic.com/demo/shop/media/G_55773485_119_VPM_1.jpg","","Homme|Chemises",""
"G_83782276_401_VPM_1","Chemise à carreaux coupe dr... 45,90 €","http://assets.recolytic.com/demo/shop/media/G_83782276_401_VPM_1.jpg","","Homme|Chemises",""
"G_67333229_60_VPM_1","Chemise à carreaux coupe aj... 75 €","http://assets.recolytic.com/demo/shop/media/G_67333229_60_VPM_1.jpg","","Homme|Chemises",""
"G_56997414_401_VPM_1","Chemise Bison: Kaporal. 65 €","http://assets.recolytic.com/demo/shop/media/G_56997414_401_VPM_1.jpg","","Homme|Chemises",""
"G_55815369_130_VPM_1","Chemise Bobby: Tommy Hilfiger. 95 €","http://assets.recolytic.com/demo/shop/media/G_55815369_130_VPM_1.jpg","","Homme|Chemises",""
"G_26808774_233_VPM_1","Chemise unie col italien co... 54,99 €","http://assets.recolytic.com/demo/shop/media/G_26808774_233_VPM_1.jpg","","Homme|Chemises",""
"G_41135054_85_VPM_1","Chemise col italien coupe s... 39,99 €","http://assets.recolytic.com/demo/shop/media/G_41135054_85_VPM_1.jpg","","Homme|Chemises",""
"G_29031671_320_VPM_1","Chemise imprimé tête de mor... 49,99 €","http://assets.recolytic.com/demo/shop/media/G_29031671_320_VPM_1.jpg","","Homme|Chemises",""
"G_37570793_103_VPM_1","Chemise slim col américain:... 65 €","http://assets.recolytic.com/demo/shop/media/G_37570793_103_VPM_1.jpg","","Homme|Chemises",""
"G_28920932_85_VPM_1","Chemise slim fit col italie... 99 €","http://assets.recolytic.com/demo/shop/media/G_28920932_85_VPM_1.jpg","","Homme|Chemises",""
"G_44256519_453_VPM_1","Chemise Zack slim fit: Japa... 70 €","http://assets.recolytic.com/demo/shop/media/G_44256519_453_VPM_1.jpg","","Homme|Chemises",""
"G_78902152_101_VPM_1","Chemise Cannes slim fit: Ca... 79 €","http://assets.recolytic.com/demo/shop/media/G_78902152_101_VPM_1.jpg","","Homme|Chemises",""
"G_41129032_405_VPM_1","Chemise unie coupe slim fit... 34,99 €","http://assets.recolytic.com/demo/shop/media/G_41129032_405_VPM_1.jpg","","Homme|Chemises",""
"G_65909756_104_VPM_1","Chemise Balderic: Red Soul. 59 €","http://assets.recolytic.com/demo/shop/media/G_65909756_104_VPM_1.jpg","","Homme|Chemises",""
"G_37668605_125_VPM_1","Chemise en velours col tiss... 99 €","http://assets.recolytic.com/demo/shop/media/G_37668605_125_VPM_1.jpg","","Homme|Chemises",""
"G_49284771_85_VPM_1","Chemise faux col claudine r... 125 €","http://assets.recolytic.com/demo/shop/media/G_49284771_85_VPM_1.jpg","","Homme|Chemises",""
"G_28541621_104_VPM_1","Chemise rayée grande longue... 49,99 €","http://assets.recolytic.com/demo/shop/media/G_28541621_104_VPM_1.jpg","","Homme|Chemises",""
"G_37965738_230_VPM_1","Chemise droite à rayures: P... 79 €","http://assets.recolytic.com/demo/shop/media/G_37965738_230_VPM_1.jpg","","Homme|Chemises",""
"G_62276225_125_VPM_1","Chemise à carreaux col amér... 99 €","http://assets.recolytic.com/demo/shop/media/G_62276225_125_VPM_1.jpg","","Homme|Chemises",""
"G_62316195_385_VPM_1","Chemise unie col américain ... 99 €","http://assets.recolytic.com/demo/shop/media/G_62316195_385_VPM_1.jpg","","Homme|Chemises",""
"G_37579273_106_VPM_1","Chemise en denim slim fit: ... 65 €","http://assets.recolytic.com/demo/shop/media/G_37579273_106_VPM_1.jpg","","Homme|Chemises",""
"G_74064643_125_VPM_1","Chemise en coton à poignets... 150 €","http://assets.recolytic.com/demo/shop/media/G_74064643_125_VPM_1.jpg","","Homme|Chemises",""
"G_66898008_401_VPM_1","Chemise à carreaux coupe dr... 39,99 €","http://assets.recolytic.com/demo/shop/media/G_66898008_401_VPM_1.jpg","","Homme|Chemises",""
"G_56998040_101_VPM_1","Chemise Zafir: Kaporal. 65 €","http://assets.recolytic.com/demo/shop/media/G_56998040_101_VPM_1.jpg","","Homme|Chemises",""
"G_32583965_101_VPM_1","Chemisette droite unie et c... 75 €","http://assets.recolytic.com/demo/shop/media/G_32583965_101_VPM_1.jpg","","Homme|Chemises",""
"G_41135054_453_VPM_1","Chemise col italien coupe s... 39,99 €","http://assets.recolytic.com/demo/shop/media/G_41135054_453_VPM_1.jpg","","Homme|Chemises",""
"G_42834267_85_VPM_1","Chemise col italien coupe s... 122 €","http://assets.recolytic.com/demo/shop/media/G_42834267_85_VPM_1.jpg","","Homme|Chemises",""
"G_64389604_230_VPM_1","Chemise à rayures coupe dro... 59 €","http://assets.recolytic.com/demo/shop/media/G_64389604_230_VPM_1.jpg","","Homme|Chemises",""
"G_37585841_378_VPM_1","Chemise à carreaux slim fit... 65 €","http://assets.recolytic.com/demo/shop/media/G_37585841_378_VPM_1.jpg","","Homme|Chemises",""
"G_12448708_119_VPM_1","Chemise droite à rayures et... 110 €","http://assets.recolytic.com/demo/shop/media/G_12448708_119_VPM_1.jpg","","Homme|Chemises",""
"G_69081495_464_VPM_1","Chemise à rayures poignets ... 185 €","http://assets.recolytic.com/demo/shop/media/G_69081495_464_VPM_1.jpg","","Homme|Chemises",""
"G_48758569_230_VPM_1","Chemise unie coupe slim fit... 89 €","http://assets.recolytic.com/demo/shop/media/G_48758569_230_VPM_1.jpg","","Homme|Chemises",""
"G_25331927_132_VPM_1","Chemise à carreaux coupe dr... 49,99 €","http://assets.recolytic.com/demo/shop/media/G_25331927_132_VPM_1.jpg","","Homme|Chemises",""
"G_63774699_85_VPM_1","Blouson zippé à col classiq... 179 €","http://assets.recolytic.com/demo/shop/media/G_63774699_85_VPM_1.jpg","2","Femme|Vestes et manteaux",""
"G_67952226_62_VPM_1","Doudoune Sabeen: Derhy. 110 €","http://assets.recolytic.com/demo/shop/media/G_67952226_62_VPM_1.jpg","4","Femme|Vestes et manteaux",""
"G_34829051_60_VPM_1","Doudoune à capuche en raton... 370 €","http://assets.recolytic.com/demo/shop/media/G_34829051_60_VPM_1.jpg","6","Femme|Vestes et manteaux",""
"G_36889830_320_VPM_1","Veste Gemelo: Morgan. 85 €","http://assets.recolytic.com/demo/shop/media/G_36889830_320_VPM_1.jpg","","Femme|Vestes et manteaux",""
"G_35339233_233_VPM_1","Veste en tweed avec col imi... 299 €","http://assets.recolytic.com/demo/shop/media/G_35339233_233_VPM_1.jpg","","Femme|Vestes et manteaux",""
"G_78379542_125_VPM_1","Veste Delinda: Ekyog. 369 €","http://assets.recolytic.com/demo/shop/media/G_78379542_125_VPM_1.jpg","","Femme|Vestes et manteaux",""
"G_68064526_320_VPM_1","Doudoune longue à capuche e... 695 €","http://assets.recolytic.com/demo/shop/media/G_68064526_320_VPM_1.jpg","","Femme|Vestes et manteaux",""
"G_34700849_320_VPM_1","Veste courte en polyester i... 69,99 €","http://assets.recolytic.com/demo/shop/media/G_34700849_320_VPM_1.jpg","","Femme|Vestes et manteaux",""
"G_28661908_125_VPM_1","Trench-coat court: Jodhpur. 89,99 €","http://assets.recolytic.com/demo/shop/media/G_28661908_125_VPM_1.jpg","","Femme|Vestes et manteaux",""
"G_67962399_140_VPM_1","Veste multicolore en fourru... 285 €","http://assets.recolytic.com/demo/shop/media/G_67962399_140_VPM_1.jpg","","Femme|Vestes et manteaux",""
"G_49173701_263_VPM_1","Parka à poches avec capuche... 145 €","http://assets.recolytic.com/demo/shop/media/G_49173701_263_VPM_1.jpg","","Femme|Vestes et manteaux",""
"G_68784214_230_VPM_1","Doudoune à capuche: Ddp. 249 €","http://assets.recolytic.com/demo/shop/media/G_68784214_230_VPM_1.jpg","","Femme|Vestes et manteaux",""
"G_36563773_320_VPM_1","Doudoune courte matelassée ... 465 €","http://assets.recolytic.com/demo/shop/media/G_36563773_320_VPM_1.jpg","","Femme|Vestes et manteaux",""
"G_39054317_71_VPM_1","Veste en polyester imitatio... 385 €","http://assets.recolytic.com/demo/shop/media/G_39054317_71_VPM_1.jpg","","Femme|Vestes et manteaux",""
"G_44040145_230_VPM_1","Blouson Laure: American Retro. 275 €","http://assets.recolytic.com/demo/shop/media/G_44040145_230_VPM_1.jpg","","Femme|Vestes et manteaux",""
"G_36779007_125_VPM_1","Caban Court Héritage: Armor... 279 €","http://assets.recolytic.com/demo/shop/media/G_36779007_125_VPM_1.jpg","","Femme|Vestes et manteaux",""
"G_67950527_320_VPM_1","Veste Gaillardise: Derhy. 155 €","http://assets.recolytic.com/demo/shop/media/G_67950527_320_VPM_1.jpg","","Femme|Vestes et manteaux",""
"G_63774699_119_VPM_1","Blouson zippé à col classiq... 179 €","http://assets.recolytic.com/demo/shop/media/G_63774699_119_VPM_1.jpg","","Femme|Vestes et manteaux",""
"G_78817236_320_VPM_1","Veste New Raillia: Ekyog. 95 €","http://assets.recolytic.com/demo/shop/media/G_78817236_320_VPM_1.jpg","","Femme|Vestes et manteaux",""
"G_78386992_320_VPM_1","Veste Dayana: Ekyog. 359 €","http://assets.recolytic.com/demo/shop/media/G_78386992_320_VPM_1.jpg","","Femme|Vestes et manteaux",""
"G_68071208_230_VPM_1","Doudoune Virgule: Sud Express. 119 €","http://assets.recolytic.com/demo/shop/media/G_68071208_230_VPM_1.jpg","","Femme|Vestes et manteaux",""
"G_44041218_230_VPM_1","Veste Matisse: American Retro. 375 €","http://assets.recolytic.com/demo/shop/media/G_44041218_230_VPM_1.jpg","","Femme|Vestes et manteaux",""
"G_75630442_256_VPM_1","Doudoune matelassée Francin... 160 €","http://assets.recolytic.com/demo/shop/media/G_75630442_256_VPM_1.jpg","","Femme|Vestes et manteaux",""
"G_29279551_263_VPM_1","Blouson imprimé tapisserie:... 69,99 €","http://assets.recolytic.com/demo/shop/media/G_29279551_263_VPM_1.jpg","","Femme|Vestes et manteaux",""
"G_28661908_60_VPM_1","Trench-coat court: Jodhpur. 89,99 €","http://assets.recolytic.com/demo/shop/media/G_28661908_60_VPM_1.jpg","","Femme|Vestes et manteaux",""
"G_40129082_459_VPM_1","Duffle coat à carreaux col ... 149,99 €","http://assets.recolytic.com/demo/shop/media/G_40129082_459_VPM_1.jpg","","Femme|Vestes et manteaux",""
"G_70436233_266_VPM_1","Manteau col tailleur Humphr... 209 €","http://assets.recolytic.com/demo/shop/media/G_70436233_266_VPM_1.jpg","","Femme|Vestes et manteaux",""
"G_68784982_320_VPM_1","Doudoune Barbapapa: Ddp. 299 €","http://assets.recolytic.com/demo/shop/media/G_68784982_320_VPM_1.jpg","","Femme|Vestes et manteaux",""
"G_45928298_459_VPM_1","Manteau surpiqué: One Step. 290 €","http://assets.recolytic.com/demo/shop/media/G_45928298_459_VPM_1.jpg","","Femme|Vestes et manteaux",""
"G_40128605_263_VPM_1","Parka à capuche en fourrure... 149,99 €","http://assets.recolytic.com/demo/shop/media/G_40128605_263_VPM_1.jpg","","Femme|Vestes et manteaux",""
"G_67604942_320_VPM_1","Parka Saburon: Derhy. 119 €","http://assets.recolytic.com/demo/shop/media/G_67604942_320_VPM_1.jpg","","Femme|Vestes et manteaux",""
"G_67963678_320_VPM_1","Doudoune à grand col ornée ... 85 €","http://assets.recolytic.com/demo/shop/media/G_67963678_320_VPM_1.jpg","","Femme|Vestes et manteaux",""
"G_44264489_320_VPM_1","Manteau long ceinturé col m... 175 €","http://assets.recolytic.com/demo/shop/media/G_44264489_320_VPM_1.jpg","","Femme|Vestes et manteaux",""
"G_65642506_119_VPM_1","Veste esprit Teddy: Hilfige... 130 €","http://assets.recolytic.com/demo/shop/media/G_65642506_119_VPM_1.jpg","","Femme|Vestes et manteaux",""
"G_52271178_230_VPM_1","Doudoune Tobby: Elevenparis. 175 €","http://assets.recolytic.com/demo/shop/media/G_52271178_230_VPM_1.jpg","","Femme|Vestes et manteaux",""
"G_43661693_71_VPM_1","Blouson à capuche coupe cin... 179 €","http://assets.recolytic.com/demo/shop/media/G_43661693_71_VPM_1.jpg","","Femme|Vestes et manteaux",""
"G_43645787_361_VPM_1","Surchemise Ski: G-Star. 149 €","http://assets.recolytic.com/demo/shop/media/G_43645787_361_VPM_1.jpg","","Femme|Vestes et manteaux",""
"G_36865251_320_VPM_1","Veste bimatière Vera: Morgan. 79 €","http://assets.recolytic.com/demo/shop/media/G_36865251_320_VPM_1.jpg","","Femme|Vestes et manteaux",""
"G_70594627_125_VPM_1","Blouson en maille bouclée: ... 99,99 €","http://assets.recolytic.com/demo/shop/media/G_70594627_125_VPM_1.jpg","","Femme|Vestes et manteaux",""
"G_43313717_125_VPM_1","Blazer ajusté en flanelle s... 395 €","http://assets.recolytic.com/demo/shop/media/G_43313717_125_VPM_1.jpg","","Femme|Vestes et manteaux",""
"G_31570377_217_VPM_1","Caban tissu fantaisie: Avan... 149,99 €","http://assets.recolytic.com/demo/shop/media/G_31570377_217_VPM_1.jpg","","Femme|Vestes et manteaux",""
"G_31570526_125_VPM_1","Caban col fourrure synthéti... 149,99 €","http://assets.recolytic.com/demo/shop/media/G_31570526_125_VPM_1.jpg","","Femme|Vestes et manteaux",""
"G_63774699_459_VPM_1","Blouson zippé à col classiq... 179 €","http://assets.recolytic.com/demo/shop/media/G_63774699_459_VPM_1.jpg","","Femme|Vestes et manteaux",""
"G_32162323_320_VPM_1","Blouson en laine esprit mot... 99,99 €","http://assets.recolytic.com/demo/shop/media/G_32162323_320_VPM_1.jpg","","Femme|Vestes et manteaux",""
"G_67952382_320_VPM_1","Doudoune matelassée fronces... 140 €","http://assets.recolytic.com/demo/shop/media/G_67952382_320_VPM_1.jpg","","Femme|Vestes et manteaux",""
"G_36153583_320_VPM_1","Manteau moucheté: Version O... 169,99 €","http://assets.recolytic.com/demo/shop/media/G_36153583_320_VPM_1.jpg","","Femme|Vestes et manteaux",""
"G_48487656_154_VPM_1","Manteau cocon en laine et c... 1&nbsp;095 €","http://assets.recolytic.com/demo/shop/media/G_48487656_154_VPM_1.jpg","","Femme|Vestes et manteaux",""
"G_67378463_140_VPM_1","Doudoune longue Maine Down:... 309 €","http://assets.recolytic.com/demo/shop/media/G_67378463_140_VPM_1.jpg","","Femme|Vestes et manteaux",""
"G_49164064_278_VPM_1","Blouson avec col en fourrur... 110 €","http://assets.recolytic.com/demo/shop/media/G_49164064_278_VPM_1.jpg","","Femme|Vestes et manteaux",""
"G_31073539_320_VPM_1","Blazer classique: Briefing. 119,99 €","http://assets.recolytic.com/demo/shop/media/G_31073539_320_VPM_1.jpg","","Femme|Vestes et manteaux",""
"G_32112013_85_VPM_1","Blouse coton brodée: Versio... 49,99 €","http://assets.recolytic.com/demo/shop/media/G_32112013_85_VPM_1.jpg","2","Femme|Chemises et blouses",""
"G_45921194_85_VPM_1","Chemise manches longues cou... 109 €","http://assets.recolytic.com/demo/shop/media/G_45921194_85_VPM_1.jpg","4","Femme|Chemises et blouses",""
"G_30125603_457_VPM_1","Débardeur imprimé fantaisie... 19,95 €","http://assets.recolytic.com/demo/shop/media/G_30125603_457_VPM_1.jpg","6","Femme|Chemises et blouses",""
"G_36702397_320_VPM_1","Blouse broderies ajourées: ... 69,99 €","http://assets.recolytic.com/demo/shop/media/G_36702397_320_VPM_1.jpg","","Femme|Chemises et blouses",""
"G_36204923_205_VPM_1","Chemise imprimé motifs tach... 59,99 €","http://assets.recolytic.com/demo/shop/media/G_36204923_205_VPM_1.jpg","","Femme|Chemises et blouses",""
"G_30125603_385_VPM_1","Débardeur imprimé fantaisie... 19,95 €","http://assets.recolytic.com/demo/shop/media/G_30125603_385_VPM_1.jpg","","Femme|Chemises et blouses",""
"G_22747828_101_VPM_1","Blouse à imprimé pois: Jodh... 49,99 €","http://assets.recolytic.com/demo/shop/media/G_22747828_101_VPM_1.jpg","","Femme|Chemises et blouses",""
"G_22753644_85_VPM_1","Chemise finement rayée à co... 49,99 €","http://assets.recolytic.com/demo/shop/media/G_22753644_85_VPM_1.jpg","","Femme|Chemises et blouses",""
"G_36209500_119_VPM_1","Chemise à carreaux manches ... 49,99 €","http://assets.recolytic.com/demo/shop/media/G_36209500_119_VPM_1.jpg","","Femme|Chemises et blouses",""
"G_22752992_101_VPM_1","Chemise finement rayée: Jod... 39,99 €","http://assets.recolytic.com/demo/shop/media/G_22752992_101_VPM_1.jpg","","Femme|Chemises et blouses",""
"G_36189900_60_VPM_1","Chemise en coton en check: ... 250 €","http://assets.recolytic.com/demo/shop/media/G_36189900_60_VPM_1.jpg","","Femme|Chemises et blouses",""
"G_66074469_85_VPM_1","Chemise en popeline col con... 39,99 €","http://assets.recolytic.com/demo/shop/media/G_66074469_85_VPM_1.jpg","","Femme|Chemises et blouses",""
"G_36873057_263_VPM_1","Chemise à col claudine et p... 39,99 €","http://assets.recolytic.com/demo/shop/media/G_36873057_263_VPM_1.jpg","","Femme|Chemises et blouses",""
"G_63351464_204_VPM_1","Blouse fluide en soie ornée... 75 €","http://assets.recolytic.com/demo/shop/media/G_63351464_204_VPM_1.jpg","","Femme|Chemises et blouses",""
"G_35712975_385_VPM_1","Débardeur zippé avec basque... 19,99 €","http://assets.recolytic.com/demo/shop/media/G_35712975_385_VPM_1.jpg","","Femme|Chemises et blouses",""
"G_45916442_119_VPM_1","Blouse imprimé tacheté: One... 119 €","http://assets.recolytic.com/demo/shop/media/G_45916442_119_VPM_1.jpg","","Femme|Chemises et blouses",""
"G_28965226_101_VPM_1","Chemise imprimé floral: Jod... 55 €","http://assets.recolytic.com/demo/shop/media/G_28965226_101_VPM_1.jpg","","Femme|Chemises et blouses",""
"G_66074246_85_VPM_1","Chemise en popeline col clo... 45,99 €","http://assets.recolytic.com/demo/shop/media/G_66074246_85_VPM_1.jpg","","Femme|Chemises et blouses",""
"G_36526481_104_VPM_1","Chemise en coton sergé: Bri... 69,99 €","http://assets.recolytic.com/demo/shop/media/G_36526481_104_VPM_1.jpg","","Femme|Chemises et blouses",""
"G_56439805_320_VPM_1","Débardeur orné de sequins: ... 95 €","http://assets.recolytic.com/demo/shop/media/G_56439805_320_VPM_1.jpg","","Femme|Chemises et blouses",""
"G_46998795_320_VPM_1","Chemise semi-transparente à... 39,99 €","http://assets.recolytic.com/demo/shop/media/G_46998795_320_VPM_1.jpg","","Femme|Chemises et blouses",""
"G_28658714_384_VPM_1","Chemise chambray col intéri... 49,99 €","http://assets.recolytic.com/demo/shop/media/G_28658714_384_VPM_1.jpg","","Femme|Chemises et blouses",""
"G_63328892_320_VPM_1","Blouse fluide à poche poitr... 55 €","http://assets.recolytic.com/demo/shop/media/G_63328892_320_VPM_1.jpg","","Femme|Chemises et blouses",""
"G_38222295_125_VPM_1","Chemise Aleta Twill: Tommy ... 90 €","http://assets.recolytic.com/demo/shop/media/G_38222295_125_VPM_1.jpg","","Femme|Chemises et blouses",""
"G_46997953_204_VPM_1","Blouse ample col strass: Av... 39,99 €","http://assets.recolytic.com/demo/shop/media/G_46997953_204_VPM_1.jpg","","Femme|Chemises et blouses",""
"G_41058462_117_VPM_1","Chemise Chester: Pepe Jeans. 75 €","http://assets.recolytic.com/demo/shop/media/G_41058462_117_VPM_1.jpg","","Femme|Chemises et blouses",""
"G_33915760_325_VPM_1","Blouse imprimé cachemire: L... 100 €","http://assets.recolytic.com/demo/shop/media/G_33915760_325_VPM_1.jpg","","Femme|Chemises et blouses",""
"G_44039477_178_VPM_1","Chemise Galactica: American... 145 €","http://assets.recolytic.com/demo/shop/media/G_44039477_178_VPM_1.jpg","","Femme|Chemises et blouses",""
"G_44054328_92_VPM_1","Chemise Mary: American Retro. 175 €","http://assets.recolytic.com/demo/shop/media/G_44054328_92_VPM_1.jpg","","Femme|Chemises et blouses",""
"G_67378067_125_VPM_1","Chemise à carreaux: Tommy H... 95 €","http://assets.recolytic.com/demo/shop/media/G_67378067_125_VPM_1.jpg","","Femme|Chemises et blouses",""
"G_70202064_62_VPM_1","Blouse bi-matière froncée: ... 39,99 €","http://assets.recolytic.com/demo/shop/media/G_70202064_62_VPM_1.jpg","","Femme|Chemises et blouses",""
"G_36209500_117_VPM_1","Chemise à carreaux manches ... 49,99 €","http://assets.recolytic.com/demo/shop/media/G_36209500_117_VPM_1.jpg","","Femme|Chemises et blouses",""
"G_43647205_85_VPM_1","Chemise unie cintrée: G-Star. 109 €","http://assets.recolytic.com/demo/shop/media/G_43647205_85_VPM_1.jpg","","Femme|Chemises et blouses",""
"G_43320506_85_VPM_1","Chemise Mélanie: Ralph Laur... 135 €","http://assets.recolytic.com/demo/shop/media/G_43320506_85_VPM_1.jpg","","Femme|Chemises et blouses",""
"G_48540595_472_VPM_1","Chemise à rayures verticale... 49,99 €","http://assets.recolytic.com/demo/shop/media/G_48540595_472_VPM_1.jpg","","Femme|Chemises et blouses",""
"G_70180328_204_VPM_1","Chemise zippée asymétrique:... 49,99 €","http://assets.recolytic.com/demo/shop/media/G_70180328_204_VPM_1.jpg","","Femme|Chemises et blouses",""
"G_66462540_320_VPM_1","Blouse imprimé oiseaux méta... 50 €","http://assets.recolytic.com/demo/shop/media/G_66462540_320_VPM_1.jpg","","Femme|Chemises et blouses",""
"G_67377580_85_VPM_1","Chemise col classique: Tomm... 85 €","http://assets.recolytic.com/demo/shop/media/G_67377580_85_VPM_1.jpg","","Femme|Chemises et blouses",""
"G_68881218_405_VPM_1","Chemise Gilda fitted: Tommy... 80 €","http://assets.recolytic.com/demo/shop/media/G_68881218_405_VPM_1.jpg","","Femme|Chemises et blouses",""
"G_52230554_238_VPM_1","Top Tarsy: Elevenparis. 99 €","http://assets.recolytic.com/demo/shop/media/G_52230554_238_VPM_1.jpg","","Femme|Chemises et blouses",""
"G_47573290_320_VPM_1","Blouse Mummy: Desigual. 59 €","http://assets.recolytic.com/demo/shop/media/G_47573290_320_VPM_1.jpg","","Femme|Chemises et blouses",""
"G_70576426_263_VPM_1","Top transparent orné de den... 64 €","http://assets.recolytic.com/demo/shop/media/G_70576426_263_VPM_1.jpg","","Femme|Chemises et blouses",""
"G_36204923_263_VPM_1","Chemise imprimé motifs tach... 59,99 €","http://assets.recolytic.com/demo/shop/media/G_36204923_263_VPM_1.jpg","","Femme|Chemises et blouses",""
"G_49187750_140_VPM_1","Chemise Nixa Brique: Kaporal. 65 €","http://assets.recolytic.com/demo/shop/media/G_49187750_140_VPM_1.jpg","","Femme|Chemises et blouses",""
"G_68881325_384_VPM_1","Chemise Georgie fitted: Tom... 90 €","http://assets.recolytic.com/demo/shop/media/G_68881325_384_VPM_1.jpg","","Femme|Chemises et blouses",""
"G_31077167_320_VPM_1","Chemise en soie col classiq... 89,99 €","http://assets.recolytic.com/demo/shop/media/G_31077167_320_VPM_1.jpg","","Femme|Chemises et blouses",""
"G_68763192_320_VPM_1","Tunique à base volantée asy... 99 €","http://assets.recolytic.com/demo/shop/media/G_68763192_320_VPM_1.jpg","","Femme|Chemises et blouses",""
"G_56947294_459_VPM_1","Blouse Bambino: Sud Express. 59 €","http://assets.recolytic.com/demo/shop/media/G_56947294_459_VPM_1.jpg","","Femme|Chemises et blouses",""
"G_84848159_401_VPM_1","Chemise en laine imprimé ta... 39 €","http://assets.recolytic.com/demo/shop/media/G_84848159_401_VPM_1.jpg","","Femme|Chemises et blouses",""
"G_36862845_320_VPM_1","Blouse sans manche col lava... 30 €","http://assets.recolytic.com/demo/shop/media/G_36862845_320_VPM_1.jpg","","Femme|Chemises et blouses",""
"G_58458076_320_VPM_1","Tee-shirt à manches 3/4 fin... 28 €","http://assets.recolytic.com/demo/shop/media/G_58458076_320_VPM_1.jpg","2","Femme|Tops et t-shirts",""
"G_58464843_101_VPM_1","Tee-shirt léger col V  fini... 24 €","http://assets.recolytic.com/demo/shop/media/G_58464843_101_VPM_1.jpg","4","Femme|Tops et t-shirts",""
"G_60061298_320_VPM_1","Débardeur marcel long: Peti... 14 €","http://assets.recolytic.com/demo/shop/media/G_60061298_320_VPM_1.jpg","6","Femme|Tops et t-shirts",""
"G_58461179_85_VPM_1","Tee-shirt col danseuse et m... 30 €","http://assets.recolytic.com/demo/shop/media/G_58461179_85_VPM_1.jpg","","Femme|Tops et t-shirts",""
"G_29276060_85_VPM_1","Tee-shirt manches longues c... 19,99 €","http://assets.recolytic.com/demo/shop/media/G_29276060_85_VPM_1.jpg","","Femme|Tops et t-shirts",""
"G_58451501_85_VPM_1","Tee-shirt à col rond: Petit... 25 €","http://assets.recolytic.com/demo/shop/media/G_58451501_85_VPM_1.jpg","","Femme|Tops et t-shirts",""
"G_44144855_472_VPM_1","Débardeur imprimé pois: Ava... 19,99 €","http://assets.recolytic.com/demo/shop/media/G_44144855_472_VPM_1.jpg","","Femme|Tops et t-shirts",""
"G_58444225_320_VPM_1","Tee-shirt col rond à manche... 20 €","http://assets.recolytic.com/demo/shop/media/G_58444225_320_VPM_1.jpg","","Femme|Tops et t-shirts",""
"G_58458076_101_VPM_1","Tee-shirt à manches 3/4 fin... 28 €","http://assets.recolytic.com/demo/shop/media/G_58458076_101_VPM_1.jpg","","Femme|Tops et t-shirts",""
"G_23059496_457_VPM_1","Tee-shirt chiné à mancheron... 14,99 €","http://assets.recolytic.com/demo/shop/media/G_23059496_457_VPM_1.jpg","","Femme|Tops et t-shirts",""
"G_26331637_166_VPM_1","Tee-shirt Mathilde chiné: A... 9,99 €","http://assets.recolytic.com/demo/shop/media/G_26331637_166_VPM_1.jpg","","Femme|Tops et t-shirts",""
"G_58453721_225_VPM_1","Tee-shirt à col V finition ... 22 €","http://assets.recolytic.com/demo/shop/media/G_58453721_225_VPM_1.jpg","","Femme|Tops et t-shirts",""
"G_23067176_395_VPM_1","Tee-shirt à basque en dente... 49,99 €","http://assets.recolytic.com/demo/shop/media/G_23067176_395_VPM_1.jpg","","Femme|Tops et t-shirts",""
"G_58461179_63_VPM_1","Tee-shirt col danseuse et m... 30 €","http://assets.recolytic.com/demo/shop/media/G_58461179_63_VPM_1.jpg","","Femme|Tops et t-shirts",""
"G_33086851_263_VPM_1","Tee-shirt dentelle cintré m... 49,99 €","http://assets.recolytic.com/demo/shop/media/G_33086851_263_VPM_1.jpg","","Femme|Tops et t-shirts",""
"G_58464843_256_VPM_1","Tee-shirt léger col V  fini... 24 €","http://assets.recolytic.com/demo/shop/media/G_58464843_256_VPM_1.jpg","","Femme|Tops et t-shirts",""
"G_58447236_230_VPM_1","Tee-shirt manches longues c... 32 €","http://assets.recolytic.com/demo/shop/media/G_58447236_230_VPM_1.jpg","","Femme|Tops et t-shirts",""
"G_26331637_257_VPM_1","Tee-shirt Mathilde chiné: A... 9,99 €","http://assets.recolytic.com/demo/shop/media/G_26331637_257_VPM_1.jpg","","Femme|Tops et t-shirts",""
"G_58453721_101_VPM_1","Tee-shirt à col V finition ... 22 €","http://assets.recolytic.com/demo/shop/media/G_58453721_101_VPM_1.jpg","","Femme|Tops et t-shirts",""
"G_29276060_320_VPM_1","Tee-shirt manches longues c... 19,99 €","http://assets.recolytic.com/demo/shop/media/G_29276060_320_VPM_1.jpg","","Femme|Tops et t-shirts",""
"G_29276060_271_VPM_1","Tee-shirt manches longues c... 19,99 €","http://assets.recolytic.com/demo/shop/media/G_29276060_271_VPM_1.jpg","","Femme|Tops et t-shirts",""
"G_23066400_204_VPM_1","Débardeur court en dentelle... 34,99 €","http://assets.recolytic.com/demo/shop/media/G_23066400_204_VPM_1.jpg","","Femme|Tops et t-shirts",""
"G_58452046_140_VPM_1","Tee-shirt à manches longues... 25 €","http://assets.recolytic.com/demo/shop/media/G_58452046_140_VPM_1.jpg","","Femme|Tops et t-shirts",""
"G_58450792_125_VPM_1","Tee-shirt à manches longues... 28 €","http://assets.recolytic.com/demo/shop/media/G_58450792_125_VPM_1.jpg","","Femme|Tops et t-shirts",""
"G_40127326_230_VPM_1","Tee-shirt flammé à manches ... 19,99 €","http://assets.recolytic.com/demo/shop/media/G_40127326_230_VPM_1.jpg","","Femme|Tops et t-shirts",""
"G_58443631_166_VPM_1","Débardeur marcel imprimé ch... 14 €","http://assets.recolytic.com/demo/shop/media/G_58443631_166_VPM_1.jpg","","Femme|Tops et t-shirts",""
"G_58453721_85_VPM_1","Tee-shirt à col V finition ... 22 €","http://assets.recolytic.com/demo/shop/media/G_58453721_85_VPM_1.jpg","","Femme|Tops et t-shirts",""
"G_28393767_85_VPM_1","Tee-shirt col V imprimé hib... 16,99 €","http://assets.recolytic.com/demo/shop/media/G_28393767_85_VPM_1.jpg","","Femme|Tops et t-shirts",""
"G_29276060_395_VPM_1","Tee-shirt manches longues c... 19,99 €","http://assets.recolytic.com/demo/shop/media/G_29276060_395_VPM_1.jpg","","Femme|Tops et t-shirts",""
"G_58464843_320_VPM_1","Tee-shirt léger col V  fini... 24 €","http://assets.recolytic.com/demo/shop/media/G_58464843_320_VPM_1.jpg","","Femme|Tops et t-shirts",""
"G_58437922_88_VPM_1","Marinière coton gratté: Pet... 60 €","http://assets.recolytic.com/demo/shop/media/G_58437922_88_VPM_1.jpg","","Femme|Tops et t-shirts",""
"G_58458076_85_VPM_1","Tee-shirt à manches 3/4: Pe... 28 €","http://assets.recolytic.com/demo/shop/media/G_58458076_85_VPM_1.jpg","","Femme|Tops et t-shirts",""
"G_47107206_320_VPM_1","Tee-shirt long bi matière: ... 34,99 €","http://assets.recolytic.com/demo/shop/media/G_47107206_320_VPM_1.jpg","","Femme|Tops et t-shirts",""
"G_58451501_260_VPM_1","Tee-shirt à col rond: Petit... 25 €","http://assets.recolytic.com/demo/shop/media/G_58451501_260_VPM_1.jpg","","Femme|Tops et t-shirts",""
"G_58440470_85_VPM_1","Tee-shirt sérigraphie Petit... 45 €","http://assets.recolytic.com/demo/shop/media/G_58440470_85_VPM_1.jpg","","Femme|Tops et t-shirts",""
"G_60060944_85_VPM_1","Tee-shirt en coton à col ro... 16 €","http://assets.recolytic.com/demo/shop/media/G_60060944_85_VPM_1.jpg","","Femme|Tops et t-shirts",""
"G_82441577_320_VPM_1","Tee-shirt molletonné imprim... 39,99 €","http://assets.recolytic.com/demo/shop/media/G_82441577_320_VPM_1.jpg","","Femme|Tops et t-shirts",""
"G_58464843_62_VPM_1","Tee-shirt léger col V  fini... 24 €","http://assets.recolytic.com/demo/shop/media/G_58464843_62_VPM_1.jpg","","Femme|Tops et t-shirts",""
"G_58458076_256_VPM_1","Tee-shirt à manches 3/4 fin... 28 €","http://assets.recolytic.com/demo/shop/media/G_58458076_256_VPM_1.jpg","","Femme|Tops et t-shirts",""
"G_58452046_320_VPM_1","Tee-shirt à manches longues... 25 €","http://assets.recolytic.com/demo/shop/media/G_58452046_320_VPM_1.jpg","","Femme|Tops et t-shirts",""
"G_58453721_63_VPM_1","Tee-shirt à col V finition ... 22 €","http://assets.recolytic.com/demo/shop/media/G_58453721_63_VPM_1.jpg","","Femme|Tops et t-shirts",""
"G_58464843_166_VPM_1","Tee-shirt léger col V  fini... 24 €","http://assets.recolytic.com/demo/shop/media/G_58464843_166_VPM_1.jpg","","Femme|Tops et t-shirts",""
"G_58469453_405_VPM_1","T-shirt bicolore rayé: Peti... 45 €","http://assets.recolytic.com/demo/shop/media/G_58469453_405_VPM_1.jpg","","Femme|Tops et t-shirts",""
"G_58444225_85_VPM_1","Tee-shirt col rond à manche... 20 €","http://assets.recolytic.com/demo/shop/media/G_58444225_85_VPM_1.jpg","","Femme|Tops et t-shirts",""
"G_47107578_140_VPM_1","Top bi matière: Avant Premi... 24,99 €","http://assets.recolytic.com/demo/shop/media/G_47107578_140_VPM_1.jpg","","Femme|Tops et t-shirts",""
"G_28394807_356_VPM_1","Tee-shirt imprimé renards c... 16,99 €","http://assets.recolytic.com/demo/shop/media/G_28394807_356_VPM_1.jpg","","Femme|Tops et t-shirts",""
"G_23058100_256_VPM_1","Tee-shirt fantaisie: Avant ... 16,99 €","http://assets.recolytic.com/demo/shop/media/G_23058100_256_VPM_1.jpg","","Femme|Tops et t-shirts",""
"G_58451501_125_VPM_1","Tee-shirt à col rond: Petit... 25 €","http://assets.recolytic.com/demo/shop/media/G_58451501_125_VPM_1.jpg","","Femme|Tops et t-shirts",""
"G_58461179_256_VPM_1","Tee-shirt col danseuse et m... 30 €","http://assets.recolytic.com/demo/shop/media/G_58461179_256_VPM_1.jpg","","Femme|Tops et t-shirts",""
"G_44144855_94_VPM_1","Débardeur imprimé pois: Ava... 19,99 €","http://assets.recolytic.com/demo/shop/media/G_44144855_94_VPM_1.jpg","","Femme|Tops et t-shirts",""